Title,City,Link
Software Engineering Fellow,NewYork,https://www.pathrise.com/?utm_source=CLNYCSWE&utm_campaign=CLNYCSWE&utm_medium=web
Front - End Developer (w/ Angular 2 or later),NewYork,cc200@jobalert.creativecircle.com
Software Engineer (Top Secret Clearance Required),LosAngeles,https://careers-appliedminds.icims.com/jobs/1325/software-engineer/job
Software Developer (Top Secret Clearance Required),LosAngeles,https://careers-appliedminds.icims.com/jobs/1282/software-developer/job
Software Engineering Fellow,LosAngeles,https://www.pathrise.com/?utm_source=CLLASWE&utm_campaign=CLLASWE&utm_medium=web
Software Engineering Fellow,LosAngeles,https://www.pathrise.com/?utm_source=CLOCSWE&utm_campaign=CLOCSWE&utm_medium=web
Software QA Engineer,LosAngeles,https://theapplicantmanager.com/jobs?pos=SD1570
Software QA Customer Support Specialist,LosAngeles,https://theapplicantmanager.com/jobs?pos=SD1580
Software Development Engineer I,LosAngeles,http://www.yardi.com/about-us/career-opportunities/?jobRequested=8866
Software Development Engineer I,LosAngeles,http://www.yardi.com/about-us/career-opportunities/?jobRequested=11333
Website Developer,LosAngeles,https://www.marketmaps.com/careers
Software Engineering Fellow,Chicago,https://www.pathrise.com/?utm_source=CLCHISWE&utm_campaign=CLCHISWE&utm_medium=web
Wordpress Developer - Associate,Chicago,https://www.geekchicago.com/job-posting-web-developer-associate.html
Software Engineering Fellow,Houston,https://www.pathrise.com/?utm_source=CLHOUSWE&utm_campaign=CLHOUSWE&utm_medium=web
***PHP Developer*** GREAT CULTURE & COMPETITIVE PAY!,Houston,https://www.healthlabs.com/jobs/685162
Software Engineering Fellow,Phoenix,https://www.pathrise.com/?utm_source=CLPHNX&utm_campaign=CLPHNX&utm_medium=web
Software Engineering Fellow,Philadelphia,https://www.pathrise.com/?utm_source=CLPHILDesign&utm_campaign=CLPHILDesign&utm_medium=web
Research & Development Software Engineer,Indianapolis,https://chp.tbe.taleo.net/chp03/ats/careers/requisition.jsp?org=TRUEBLUE&cws=50&rid=84842
Senior Software Engineer - BrandVerity,Seattle,https://www.brandverity.com/devblog
Software Engineering Fellow,Seattle,https://www.pathrise.com/?utm_source=CLSeattleSWE&utm_campaign=CLSeattleSWE&utm_medium=web
Business Intelligence Developer,Seattle,http://www.affirmaconsulting.com/jobs/
Software Engineering Fellow,Denver,https://www.pathrise.com/?utm_source=CLDENSWE&utm_campaign=CLDENSWE&utm_medium=web
Software Developer Team Lead,Denver,http://www.inmotionhosting.com/employment/
.NET - Senior Full Stack Developer,Denver,https://well-data-labs.breezy.hr/p/dede4149054f-full-stack-developer-architect
.NET - Full Stack Developer,Denver,https://well-data-labs.breezy.hr/p/b398565a9330-full-stack-developer
Software Developer (Entry-Level),Washington,https://www.imsweb.com/employment/job.description.php?position=20560
Software Engineering Fellow,Washington,https://www.pathrise.com/?utm_source=CLDCSWE&utm_campaign=CLDCSWE&utm_medium=web
Salesforce Developer,Washington,http://www.leadingage.org/Working_At_LeadingAge.aspx
Software Engineering Fellow,Boston,https://www.pathrise.com/?utm_source=CLBOSSWE&utm_campaign=CLBOSSWE&utm_medium=web
Senior UI Developer,Boston,https://www.facebook.com/BeaconHillStaffing
Software Engineering Fellow,Detroit,https://www.pathrise.com/?utm_source=CLDETSWE&utm_campaign=CLDETSWE&utm_medium=web
Software Engineering Fellow,Portland,https://www.pathrise.com/?utm_source=CLPDXSWE&utm_campaign=CLPDXSWE&utm_medium=web
OSU Ecampus - Web Developer/Analyst Programmer,Portland,http://jobs.oregonstate.edu/postings/68851
Senior Software Engineer - BrandVerity,Portland,https://www.brandverity.com/devblog
Software Engineering Fellow,Portland,https://www.pathrise.com/?utm_source=CLSeattleSWE&utm_campaign=CLSeattleSWE&utm_medium=web
Business Intelligence Developer,Portland,http://www.affirmaconsulting.com/jobs/
OSU Ecampus - Web Developer/Analyst Programmer,Portland,http://jobs.oregonstate.edu/postings/68851
Software Engineering Fellow,LasVegas,https://www.pathrise.com/?utm_source=CLVEGASSWE&utm_campaign=CLVEGASSWE&utm_medium=web
Software QA Engineer,LasVegas,https://theapplicantmanager.com/jobs?pos=SD1570
Software QA Customer Support Specialist,LasVegas,https://theapplicantmanager.com/jobs?pos=SD1580
Software Developer (Entry-Level),Baltimore,https://www.imsweb.com/employment/job.description.php?position=20560
Software Engineering Fellow,Baltimore,https://www.pathrise.com/?utm_source=CLDCSWE&utm_campaign=CLDCSWE&utm_medium=web
Salesforce Developer,Baltimore,http://www.leadingage.org/Working_At_LeadingAge.aspx
Software Engineering Fellow,Milwaukee,https://www.pathrise.com/?utm_source=CLCHISWE&utm_campaign=CLCHISWE&utm_medium=web
Wordpress Developer - Associate,Milwaukee,https://www.geekchicago.com/job-posting-web-developer-associate.html
Software Engineering Fellow,Atlanta,https://www.pathrise.com/?utm_source=CLATLSWE&utm_campaign=CLATLSWE&utm_medium=web
Software Engineering Fellow,Minneapolis,https://www.pathrise.com/?utm_source=CLMINNDesign&utm_campaign=CLMINNDesign&utm_medium=web
Database Developer,Minneapolis,https://careers.mn.gov/psc/hcm92apc/EMPLOYEE/HRMS/c/HRS_HRAM.HRS_APP_SCHJOB.GBL?Page=HRS_APP_JBPST&Action=U&FOCUS=Applicant&SiteId=1001&JobOpeningId=28189&PostingSeq=1
Software Engineering Fellow,Providence,https://www.pathrise.com/?utm_source=CLBOSSWE&utm_campaign=CLBOSSWE&utm_medium=web
Senior UI Developer,Providence,https://www.facebook.com/BeaconHillStaffing
Database Developer,SiouxFalls,https://careers.mn.gov/psc/hcm92apc/EMPLOYEE/HRMS/c/HRS_HRAM.HRS_APP_SCHJOB.GBL?Page=HRS_APP_JBPST&Action=U&FOCUS=Applicant&SiteId=1001&JobOpeningId=28189&PostingSeq=1
