NewYork,https://newyork.craigslist.org/mnh/sof/d/entry-level-big-data-developer/6779700390.html
NewYork,https://newyork.craigslist.org/mnh/sof/d/new-york-city-hiring-smart-cool-people/6779202405.html
NewYork,https://newyork.craigslist.org/brk/sof/d/brooklyn-senior-net-developer-high-pay/6776956362.html
NewYork,https://newyork.craigslist.org/brk/sof/d/brooklyn-php-object-oriented-web/6776726517.html
NewYork,https://newyork.craigslist.org/brk/web/d/college-point-web-development-company/6777223105.html
LosAngeles,https://losangeles.craigslist.org/lac/sof/d/beverly-hills-seeking-ios-mobile/6779270248.html
LosAngeles,https://losangeles.craigslist.org/wst/sof/d/los-angeles-mobile-app-developer-ios/6778258275.html
LosAngeles,https://losangeles.craigslist.org/sfv/sof/d/northridge-senior-software-engineer/6777499374.html
LosAngeles,https://santabarbara.craigslist.org/sof/d/santa-barbara-senior-software-engineer/6777782837.html
LosAngeles,https://palmsprings.craigslist.org/sof/d/palm-springs-dot-net-developer/6779268898.html
LosAngeles,https://losangeles.craigslist.org/sgv/web/d/chino-full-time-in-house-web-developer/6777850346.html
LosAngeles,https://losangeles.craigslist.org/wst/web/d/culver-city-senior-web-developer/6776711790.html
LosAngeles,https://losangeles.craigslist.org/lac/web/d/los-angeles-senior-web-developer-for/6776682888.html
LosAngeles,https://orangecounty.craigslist.org/web/d/santa-ana-website-developer/6779136959.html
LosAngeles,https://inlandempire.craigslist.org/web/d/san-bernardino-looking-for-part-time/6780038203.html
LosAngeles,https://inlandempire.craigslist.org/web/d/chino-full-time-in-house-web-developer/6777844337.html
LosAngeles,https://santabarbara.craigslist.org/web/d/santa-barbara-talented-web-developer/6777361427.html
Chicago,https://chicago.craigslist.org/chc/sof/d/chicago-developer/6776302434.html
Houston,https://houston.craigslist.org/sof/d/houston-junior-rpa-developer/6778675505.html
Houston,https://houston.craigslist.org/sof/d/emr-cloud-scheduling-software-engineer/6777568649.html
Houston,https://houston.craigslist.org/sof/d/barker-golang-and-rabbitmq-ssr-or/6776323507.html
Houston,https://houston.craigslist.org/web/d/houston-php-developer-great-culture/6776258253.html
Philadelphia,https://philadelphia.craigslist.org/sof/d/bala-cynwyd-software-developer-mid-mult/6776539788.html
Columbus,https://columbus.craigslist.org/sof/d/net-software-architect-full-time-direct/6776469576.html
Seattle,https://seattle.craigslist.org/see/sof/d/seattle-senior-software-engineer/6778002262.html
Seattle,https://seattle.craigslist.org/see/sof/d/seattle-ios-developer/6777374257.html
Seattle,https://seattle.craigslist.org/see/sof/d/seattle-senior-software-engineer-android/6777305767.html
Seattle,https://seattle.craigslist.org/see/sof/d/seattle-principal-software-engineer-ui/6776675741.html
Seattle,https://seattle.craigslist.org/see/sof/d/senior-staff-software-development/6776675255.html
Seattle,https://seattle.craigslist.org/see/sof/d/senior-software-engineer-video-client/6776674950.html
Seattle,https://seattle.craigslist.org/see/web/d/greenacres-developer-java-relocation/6777925805.html
Seattle,https://seattle.craigslist.org/see/web/d/greenacres-web-developer-word-press/6777918393.html
Washington,https://baltimore.craigslist.org/sof/d/ellicott-city-software-developer/6777922317.html
Washington,https://baltimore.craigslist.org/sof/d/halethorpe-php-software-engineer/6776105956.html
Boston,https://boston.craigslist.org/bmw/sof/d/waltham-front-end-developer/6776605577.html
Boston,https://boston.craigslist.org/bmw/web/d/waltham-front-end-developer/6776605580.html
Detroit,https://annarbor.craigslist.org/sof/d/ann-arbor-cse-web-developer-temporary-3/6778382288.html
Portland,https://portland.craigslist.org/mlt/sof/d/portland-front-end-react-react-native/6777880626.html
Portland,https://portland.craigslist.org/mlt/sof/d/portland-software-tester/6777215633.html
Portland,https://seattle.craigslist.org/see/sof/d/seattle-senior-software-engineer/6778002262.html
Portland,https://seattle.craigslist.org/see/sof/d/seattle-ios-developer/6777374257.html
Portland,https://seattle.craigslist.org/see/sof/d/seattle-senior-software-engineer-android/6777305767.html
Portland,https://seattle.craigslist.org/see/sof/d/seattle-principal-software-engineer-ui/6776675741.html
Portland,https://seattle.craigslist.org/see/sof/d/senior-staff-software-development/6776675255.html
Portland,https://seattle.craigslist.org/see/sof/d/senior-software-engineer-video-client/6776674950.html
Portland,https://portland.craigslist.org/mlt/web/d/greenacres-developer-java-relocation/6777924971.html
Portland,https://portland.craigslist.org/mlt/web/d/greenacres-web-developer-word-press/6777920524.html
Portland,https://portland.craigslist.org/mlt/web/d/portland-front-end-react-react-native/6777880627.html
Portland,https://seattle.craigslist.org/see/web/d/greenacres-developer-java-relocation/6777925805.html
Portland,https://seattle.craigslist.org/see/web/d/greenacres-web-developer-word-press/6777918393.html
LasVegas,https://palmsprings.craigslist.org/sof/d/palm-springs-dot-net-developer/6779268898.html
LasVegas,https://inlandempire.craigslist.org/web/d/san-bernardino-looking-for-part-time/6780038203.html
LasVegas,https://inlandempire.craigslist.org/web/d/chino-full-time-in-house-web-developer/6777844337.html
Louisville,https://louisville.craigslist.org/sof/d/louisville-integration-developer/6777167870.html
Baltimore,https://baltimore.craigslist.org/sof/d/ellicott-city-software-developer/6777922317.html
Baltimore,https://baltimore.craigslist.org/sof/d/halethorpe-php-software-engineer/6776105956.html
Milwaukee,https://chicago.craigslist.org/chc/sof/d/chicago-developer/6776302434.html
Atlanta,https://atlanta.craigslist.org/nat/sof/d/roswell-senior-software-engineer/6778182589.html
Honolulu,https://honolulu.craigslist.org/oah/sof/d/honolulu-lead-data-integration/6777487272.html
Honolulu,https://honolulu.craigslist.org/mau/web/d/haiku-developer-wordpress-design/6776394312.html
Anchorage,https://anchorage.craigslist.org/web/d/fort-richardson-wordpress-developer/6777107320.html
Boise,https://boise.craigslist.org/web/d/greenacres-developer-java-relocation/6777927006.html
Boise,https://boise.craigslist.org/web/d/greenacres-web-developer-word-press/6777919579.html
Providence,https://boston.craigslist.org/bmw/sof/d/waltham-front-end-developer/6776605577.html
Providence,https://boston.craigslist.org/bmw/web/d/waltham-front-end-developer/6776605580.html
